iter	R2	RMSE
0	-1.910255376	22381.33766
1	-1.663554502	21411.70657
2	-1.440020553	20493.55169
3	-1.238163689	19627.56445
4	-1.055076419	18807.64753
5	-0.8898233311	18035.62066
6	-0.7384892859	17298.42243
7	-0.602819121	16609.73664
8	-0.4794993688	15957.97871
9	-0.3673607635	15341.29588
10	-0.2655125318	14758.89062
11	-0.1734805561	14212.10601
12	-0.08997290278	13697.09096
13	-0.01391972074	13210.59183
14	0.05513146589	12752.81861
15	0.1175133828	12324.64882
16	0.174900113	11917.18697
17	0.2261814344	11540.9102
18	0.2725581237	11189.73079
19	0.3150892241	10857.69127
20	0.3542216212	10542.95225
21	0.3895858387	10250.21062
22	0.4221298577	9973.224999
23	0.4513115843	9718.145225
24	0.4784873308	9474.426277
25	0.5028962545	9250.048437
26	0.5254105857	9038.149333
27	0.5450183939	8849.473007
28	0.5636533488	8666.351762
29	0.5800401773	8502.063827
30	0.5958147324	8340.858027
31	0.6105418972	8187.491481
32	0.6237071679	8047.916504
33	0.6361238736	7914.022316
34	0.6469226947	7795.7049
35	0.6565801718	7688.350474
36	0.666885482	7572.116193
37	0.6764675467	7462.415296
38	0.6857455622	7354.636264
39	0.6940473747	7256.840559
40	0.7013659081	7169.521669
41	0.7081911382	7087.119039
42	0.7145141934	7009.914968
43	0.7202686177	6938.907289
44	0.7257017514	6871.190772
45	0.7306424803	6809.026766
46	0.7351720308	6751.533303
47	0.7395137942	6695.960053
48	0.7437513847	6641.271774
49	0.7472751539	6595.450414
50	0.7509910744	6546.783005
51	0.7538854285	6508.623544
52	0.7569992482	6467.319219
53	0.7599176362	6428.36634
54	0.7624835346	6393.922236
55	0.7651852217	6357.453645
56	0.7674772843	6326.349522
57	0.7696727921	6296.411604
58	0.7716686085	6269.072623
59	0.7735041651	6243.823231
60	0.7753759559	6217.969825
61	0.7769565608	6196.054308
62	0.7786363763	6172.677922
63	0.7799272345	6154.653952
64	0.7813897446	6134.169256
65	0.7829338366	6112.467378
66	0.7839992456	6097.448251
67	0.7851339873	6081.410946
68	0.7862900219	6065.029102
69	0.7876301164	6045.983445
70	0.788730325	6030.302124
71	0.7895691267	6018.319197
72	0.7904780958	6005.306879
73	0.7915167844	5990.402965
74	0.7922690058	5979.586311
75	0.7931490482	5966.906752
76	0.793846424	5956.839867
77	0.7945460571	5946.723272
78	0.7953701346	5934.785111
79	0.7959989102	5925.660052
80	0.7967434766	5914.836383
81	0.7974483654	5904.571219
82	0.7980724506	5895.467865
83	0.7985896759	5887.912581
84	0.7993437005	5876.880887
85	0.7999398447	5868.144369
86	0.8004901344	5860.068291
87	0.8010071798	5852.469954
88	0.8016864064	5842.473232
89	0.8021701007	5835.343877
90	0.8026569014	5828.15993
91	0.80315957	5820.732508
92	0.8036954784	5812.803483
93	0.804302025	5803.816263
94	0.8048328287	5795.939893
95	0.805343704	5788.349111
96	0.8060682611	5777.566261
97	0.8065028125	5771.089607
98	0.8069530365	5764.371689
99	0.8073557252	5758.356421
100	0.8079316642	5749.74224
101	0.8085726907	5740.139363
102	0.8090676445	5732.713718
103	0.8096094098	5724.574731
104	0.8102772407	5714.525899
105	0.810867621	5705.627726
106	0.8112410296	5699.992563
107	0.8115287264	5695.647088
108	0.8120349492	5687.992858
109	0.8124341759	5681.949165
110	0.8128008562	5676.392509
111	0.813097698	5671.890194
112	0.8135735589	5664.665159
113	0.8140478402	5657.454927
114	0.8146820408	5647.79915
115	0.8151123715	5641.237901
116	0.815343413	5637.712064
117	0.8156822326	5632.537474
118	0.8159963518	5627.735867
119	0.816304641	5623.019391
120	0.8166796983	5617.2761
121	0.8171206458	5610.516306
122	0.8175493907	5603.93576
123	0.8177853333	5600.311121
124	0.8181103392	5595.314416
125	0.8184012679	5590.83783
126	0.8187443732	5585.553781
127	0.8192347099	5577.993584
128	0.819617926	5572.077871
129	0.8198835338	5567.973992
130	0.8202481118	5562.336004
131	0.8205352007	5557.892315
132	0.8208717984	5552.677778
133	0.8211798377	5547.901368
134	0.8216399127	5540.759852
135	0.8218691024	5537.198815
136	0.8220904094	5533.758083
137	0.8224081618	5528.814137
138	0.8227217237	5523.931054
139	0.8230078343	5519.471699
140	0.8232250257	5516.08412
141	0.8233892595	5513.52115
142	0.8237803767	5507.412721
143	0.8241248389	5502.02733
144	0.8243741542	5498.126193
145	0.8245561336	5495.27694
146	0.8248121617	5491.265802
147	0.8250252686	5487.924866
148	0.8253548023	5482.754666
149	0.8255906638	5479.051136
150	0.8258465551	5475.030262
151	0.8264026593	5466.28188
152	0.8266602882	5462.224228
153	0.8269088258	5458.306905
154	0.8272184899	5453.422202
155	0.827676236	5446.193598
156	0.8279630538	5441.659354
157	0.8281296396	5439.024098
158	0.8284368659	5434.160668
159	0.8287135212	5429.777455
160	0.8290417725	5424.57218
161	0.8295390892	5416.676405
162	0.8297481489	5413.353779
163	0.8300325259	5408.830841
164	0.8304204729	5402.654547
165	0.8307566174	5397.297258
166	0.8310053766	5393.329241
167	0.8312190506	5389.918544
168	0.831465737	5385.978213
169	0.8317746452	5381.039941
170	0.8319687501	5377.934619
171	0.8321568431	5374.923765
172	0.8324349666	5370.468677
173	0.8325820956	5368.110413
174	0.8328010466	5364.599026
175	0.8331116227	5359.614274
176	0.8334807651	5353.683495
177	0.833794274	5348.641382
178	0.8340348154	5344.769567
179	0.8341617877	5342.724658
180	0.8343236896	5340.116066
181	0.8345511332	5336.449299
182	0.8347173491	5333.768031
183	0.8350352499	5328.63614
184	0.8351777915	5326.333477
185	0.8353276514	5323.911517
186	0.8355729495	5319.944755
187	0.8358282015	5315.813884
188	0.8361300848	5310.924208
189	0.8364807441	5305.238838
190	0.836882963	5298.710001
191	0.8371451807	5294.449334
192	0.837286993	5292.143656
193	0.837470587	5289.15717
194	0.8377186808	5285.1188
195	0.8379019855	5282.133056
196	0.8380938719	5279.005721
197	0.8382968657	5275.695341
198	0.8384701071	5272.868514
199	0.8388064623	5267.375781
200	0.8390256206	5263.793809
201	0.8391798477	5261.271623
202	0.8393965401	5257.725855
203	0.8395363842	5255.436296
204	0.839688999	5252.936515
205	0.8398151785	5250.868836
206	0.83999927	5247.850702
207	0.8403718704	5241.736696
208	0.8404933024	5239.742575
209	0.8407373762	5235.732169
210	0.8409650384	5231.988652
211	0.8411092516	5229.615925
212	0.8412161836	5227.855887
213	0.8413408099	5225.803865
214	0.8416021324	5221.498464
215	0.8418263142	5217.80214
216	0.8420297945	5214.444875
217	0.842298118	5210.014444
218	0.8425050381	5206.595301
219	0.8426856699	5203.608708
220	0.8427765324	5202.105725
221	0.8428690829	5200.574375
222	0.8431145161	5196.511228
223	0.8432332956	5194.543691
224	0.8433427986	5192.729155
225	0.8434574808	5190.828117
226	0.8435126003	5189.914176
227	0.8436427795	5187.755028
228	0.8437998181	5185.149192
229	0.8441146797	5179.920555
230	0.8442782885	5177.20156
231	0.8444365421	5174.570202
232	0.8446172003	5171.564675
233	0.8447208151	5169.840096
234	0.8448260078	5168.088666
235	0.8450136159	5164.963564
236	0.8452414548	5161.165772
237	0.8454428172	5157.806982
238	0.8456099229	5155.017942
239	0.8457087519	5153.36775
240	0.8458193608	5151.520236
241	0.8459096457	5150.011705
242	0.8461172301	5146.541589
243	0.8462885633	5143.67571
244	0.8464844587	5140.397021
245	0.8466374205	5137.835457
246	0.8468438573	5134.376348
247	0.8471265741	5129.635287
248	0.8472158978	5128.13645
249	0.8473342319	5126.150147
250	0.8475209226	5123.014875
251	0.8477950295	5118.408062
252	0.8479876899	5115.167607
253	0.8481230697	5112.889354
254	0.8483463971	5109.128849
255	0.8484283037	5107.748968
256	0.8485357594	5105.938094
257	0.8487054105	5103.07778
258	0.848819306	5101.156605
259	0.8489593588	5098.793219
260	0.8490830386	5096.705215
261	0.8492550061	5093.800579
262	0.8493848046	5091.607106
263	0.8494844671	5089.922262
264	0.8495416703	5088.954962
265	0.8497157671	5086.009869
266	0.8498345733	5083.999116
267	0.8499032448	5082.836512
268	0.8500330996	5080.637354
269	0.8503377439	5075.474301
270	0.8504925444	5072.848758
271	0.8506229763	5070.635471
272	0.8508182861	5067.319469
273	0.8509197471	5065.595993
274	0.8510690148	5063.059375
275	0.8512745499	5059.564481
276	0.8514005692	5057.420471
277	0.8514664843	5056.298671
278	0.8516053436	5053.934631
279	0.8517164369	5052.042503
280	0.8518848468	5049.172814
281	0.851977073	5047.600597
282	0.8521056432	5045.407991
283	0.8523037239	5042.028102
284	0.8524031994	5040.329877
285	0.8525494598	5037.831913
286	0.8526489907	5036.131327
287	0.8527382116	5034.606409
288	0.8528463126	5032.758184
289	0.8529569376	5030.866103
290	0.8532148465	5026.452176
291	0.8533926811	5023.406405
292	0.8535785772	5020.220588
293	0.8536564915	5018.884722
294	0.8537347277	5017.542979
295	0.8538701289	5015.220011
296	0.8539737549	5013.441459
297	0.8540766955	5011.674045
298	0.8542221591	5009.175479
299	0.8543089827	5007.683554
300	0.8544529486	5005.208748
301	0.8545435554	5003.650569
302	0.8546564778	5001.707947
303	0.8547319218	5000.409651
304	0.8548356411	4998.624223
305	0.8548776694	4997.900564
306	0.854947038	4996.705921
307	0.8551200766	4993.724662
308	0.8551595008	4993.045178
309	0.8552278005	4991.867801
310	0.8553426186	4989.887895
311	0.8554796464	4987.523981
312	0.8555780924	4985.824963
313	0.8557918056	4982.134625
314	0.8560120738	4978.328236
315	0.8561342278	4976.216074
316	0.8561995919	4975.085496
317	0.8563149018	4973.090399
318	0.8564016776	4971.588472
319	0.8565064487	4969.774475
320	0.8566892605	4966.607702
321	0.8567339399	4965.833431
322	0.8567758468	4965.107098
323	0.8568288378	4964.188502
324	0.8569638408	4961.847464
325	0.8570948539	4959.574556
326	0.8572197952	4957.406015
327	0.8573399394	4955.319842
328	0.8574135412	4954.04139
329	0.8576241331	4950.381623
330	0.857706488	4948.949684
331	0.8578387424	4946.649255
332	0.85793926	4944.900137
333	0.8580088805	4943.688303
334	0.8581155946	4941.830227
335	0.8581517301	4941.200887
336	0.8582197991	4940.015174
337	0.8583250614	4938.181018
338	0.8583997728	4936.878785
339	0.8584954468	4935.210672
340	0.8586738678	4932.098324
341	0.8587281809	4931.150505
342	0.8588755029	4928.578666
343	0.858959941	4927.104004
344	0.8591177844	4924.346176
345	0.8592800732	4921.509066
346	0.8594602999	4918.35645
347	0.8596226124	4915.515469
348	0.8596671008	4914.736496
349	0.8597036811	4914.095896
350	0.8597548751	4913.199239
351	0.8599134268	4910.421188
352	0.8600432371	4908.145555
353	0.8600799456	4907.501848
354	0.8601599803	4906.098095
355	0.8602322311	4904.830521
356	0.8603413452	4902.915591
357	0.8604736184	4900.593222
358	0.8606056929	4898.273243
359	0.8607079217	4896.476769
360	0.8607807736	4895.196134
361	0.860897714	4893.139786
362	0.8610164562	4891.050869
363	0.8611629362	4888.472758
364	0.8611806786	4888.160392
365	0.8612646014	4886.682607
366	0.8613270465	4885.582731
367	0.8614705631	4883.053961
368	0.8615367515	4881.887277
369	0.8615936321	4880.884437
370	0.8617149988	4878.743977
371	0.8618794232	4875.842639
372	0.8619729836	4874.190953
373	0.8620342685	4873.108747
374	0.8620785635	4872.326409
375	0.8621973473	4870.227831
376	0.8623063292	4868.301627
377	0.8624126515	4866.421697
378	0.862449264	4865.774168
379	0.8625281655	4864.378421
380	0.8626161682	4862.821205
381	0.8626492634	4862.235453
382	0.8627029866	4861.284455
383	0.8628402849	4858.853182
384	0.8629861715	4856.268494
385	0.8630363031	4855.379989
386	0.8630999607	4854.251524
387	0.8631845817	4852.75103
388	0.8632505583	4851.580816
389	0.8632997454	4850.70821
390	0.863336219	4850.061049
391	0.8633910847	4849.087385
392	0.8634548384	4847.955749
393	0.8634872288	4847.380714
394	0.8635797654	4845.737512
395	0.8637503348	4842.707196
396	0.8638491748	4840.950347
397	0.8639113321	4839.845194
398	0.8639843693	4838.546276
399	0.8640932594	4836.60909
400	0.8641450812	4835.686892
401	0.8642509289	4833.802727
402	0.8642846838	4833.201711
403	0.8643758435	4831.578214
404	0.8644951548	4829.452528
405	0.8646400888	4826.869081
406	0.8646619783	4826.47878
407	0.864704317	4825.723772
408	0.8647481755	4824.941535
409	0.864814148	4823.764648
410	0.8649190494	4821.892716
411	0.8649948862	4820.538977
412	0.8650554829	4819.457013
413	0.8651800584	4817.231932
414	0.8652543497	4815.904503
415	0.8653165807	4814.792284
416	0.8653571779	4814.066576
417	0.8654280839	4812.79881
418	0.865473816	4811.980964
419	0.865523299	4811.095883
420	0.865645661	4808.906547
421	0.865727343	4807.444515
422	0.8657950026	4806.233134
423	0.8658474097	4805.294624
424	0.86591178	4804.141626
425	0.8659782466	4802.95079
426	0.8660137297	4802.314941
427	0.8660748379	4801.219702
428	0.8661010522	4800.749787
429	0.8661856433	4799.233102
430	0.8662396782	4798.264028
431	0.8662793227	4797.55291
432	0.8662958511	4797.256403
433	0.8663141707	4796.927739
434	0.8663347502	4796.558508
435	0.8664012534	4795.365131
436	0.8665046192	4793.509676
437	0.8665824415	4792.112265
438	0.8666740745	4790.466338
439	0.8667261002	4789.531592
440	0.8667830299	4788.508526
441	0.8668387692	4787.506642
442	0.866868916	4786.964681
443	0.8669288998	4785.886149
444	0.8669902912	4784.782054
445	0.8670750568	4783.257166
446	0.867160594	4781.717906
447	0.8672795572	4779.576313
448	0.8673281199	4778.701805
449	0.8673821876	4777.727973
450	0.8674834481	4775.903605
451	0.8675832105	4774.105546
452	0.8676780458	4772.395662
453	0.8677515194	4771.070508
454	0.867805193	4770.10223
455	0.8679216635	4768.000414
456	0.8680008876	4766.570212
457	0.8680993535	4764.792047
458	0.8681440794	4763.984137
459	0.8681654741	4763.597624
460	0.8682518108	4762.037561
461	0.8682651262	4761.796912
462	0.868388437	4759.567744
463	0.8684628698	4758.221669
464	0.8685214437	4757.162126
465	0.8685756546	4756.181294
466	0.868636167	4755.08621
467	0.8686844183	4754.212834
468	0.8687000888	4753.929155
469	0.8687393406	4753.218513
470	0.868758721	4752.867599
471	0.8687964266	4752.1848
472	0.8688489056	4751.234312
473	0.8689141014	4750.053235
474	0.8690160228	4748.206254
475	0.8690745862	4747.144666
476	0.8691279022	4746.177991
477	0.8691727316	4745.365036
478	0.8692112115	4744.667113
479	0.8693323384	4742.469524
480	0.8693790216	4741.622285
481	0.8694244065	4740.798464
482	0.8694717136	4739.939598
483	0.8695149581	4739.154354
484	0.8695393646	4738.711116
485	0.8695779227	4738.010793
486	0.8696703198	4736.332183
487	0.8697072968	4735.660241
488	0.8698290117	4733.447779
489	0.8698803637	4732.514023
490	0.8699502246	4731.243415
491	0.8699871005	4730.572591
492	0.8700670339	4729.118162
493	0.8701312076	4727.950166
494	0.8701727706	4727.193543
495	0.870240011	4725.969225
496	0.8703181341	4724.546356
497	0.8703988531	4723.075756
498	0.8704474605	4722.18997
499	0.8704779577	4721.634126
500	0.8704927145	4721.365143
501	0.8705345592	4720.602329
502	0.8706124919	4719.181315
503	0.870649338	4718.509318
504	0.8706923985	4717.723863
505	0.8707322188	4716.997395
506	0.870786099	4716.014246
507	0.8708801278	4714.298014
508	0.8709532386	4712.963149
509	0.8709876758	4712.33426
510	0.8710553383	4711.098372
511	0.8710871677	4710.516879
512	0.8712105177	4708.262715
513	0.8712473689	4707.589067
514	0.8712888238	4706.831146
515	0.8713997161	4704.803103
516	0.871500919	4702.9515
517	0.8715452383	4702.140407
518	0.8715744825	4701.605127
519	0.8716065231	4701.018594
520	0.8716526727	4700.173655
521	0.8716992988	4699.319836
522	0.871721739	4698.908855
523	0.8717761781	4697.91168
524	0.8718473679	4696.607361
525	0.8719072077	4695.510712
526	0.871963626	4694.476532
527	0.8720171635	4693.494949
528	0.8720684257	4692.554889
529	0.872117331	4691.657875
530	0.8721423252	4691.19937
531	0.8722002399	4690.136782
532	0.8722442797	4689.3286
533	0.8722955366	4688.387803
534	0.8723567095	4687.264754
535	0.8723842219	4686.759577
536	0.8724157613	4686.180392
537	0.8724729854	4685.12935
538	0.8725465396	4683.778027
539	0.8725813365	4683.138608
540	0.8726323364	4682.20129
541	0.8726658104	4681.585975
542	0.8726940589	4681.066653
543	0.8727123551	4680.730263
544	0.8727752963	4679.572856
545	0.8728597952	4678.018581
546	0.8729203537	4676.904349
547	0.8729578126	4676.214999
548	0.8730341698	4674.809496
549	0.8730737656	4674.080492
550	0.8731049595	4673.506097
551	0.8731557717	4672.570303
552	0.8731705732	4672.297673
553	0.8732002815	4671.750426
554	0.8732623125	4670.607565
555	0.8732912606	4670.07413
556	0.8733579819	4668.844401
557	0.8734075477	4667.930654
558	0.8734466368	4667.209918
559	0.8735080044	4666.078182
560	0.8735516449	4665.273199
561	0.8735774609	4664.796939
562	0.8735980128	4664.417757
563	0.8736165184	4664.076302
564	0.8736733993	4663.026614
565	0.87370738	4662.399415
566	0.8737496922	4661.618321
567	0.8737854961	4660.957269
568	0.8738153679	4660.405672
569	0.8738417805	4659.917895
570	0.8738671751	4659.44887
571	0.8738932791	4658.966692
572	0.8739530651	4657.862177
573	0.8739986675	4657.019519
574	0.8740628953	4655.832435
575	0.8741139928	4654.887813
576	0.8741423329	4654.363819
577	0.8741658255	4653.929407
578	0.8742054736	4653.196164
579	0.8742762055	4651.887777
580	0.8742877566	4651.674072
581	0.8743054392	4651.34691
582	0.8743398833	4650.709562
583	0.8743986003	4649.622869
584	0.8744273106	4649.091429
585	0.8744696342	4648.307886
586	0.87457775	4646.305725
587	0.8746119941	4645.671392
588	0.8746482687	4644.999349
589	0.8746613762	4644.756489
590	0.8747189861	4643.688922
591	0.8747746321	4642.657515
592	0.8748680868	4640.924803
593	0.8748989703	4640.35206
594	0.8749230837	4639.904821
595	0.8749611127	4639.199398
596	0.874997306	4638.527926
597	0.8750212959	4638.082803
598	0.8750886041	4636.833699
599	0.8751254	4636.150698
600	0.8751905784	4634.940618
601	0.8752278286	4634.248903
602	0.8752843592	4633.198962
603	0.8753169122	4632.59425
604	0.8753349626	4632.258907
605	0.8753634458	4631.729692
606	0.875405159	4630.954557
607	0.87543716	4630.35981
608	0.8754758936	4629.639834
609	0.8755420268	4628.410299
610	0.8756278485	4626.814232
611	0.8756600416	4626.215379
612	0.8756920019	4625.620781
613	0.875731087	4624.893527
614	0.8757752526	4624.071602
615	0.8758466027	4622.743463
616	0.8759049183	4621.657671
617	0.8759236606	4621.308648
618	0.875980582	4620.248489
619	0.8760732693	4618.521668
620	0.8761182262	4617.683862
621	0.8761996893	4616.165347
622	0.8762265514	4615.664514
623	0.8762849575	4614.575367
624	0.8763168691	4613.980178
625	0.8763654172	4613.07455
626	0.8764142686	4612.163083
627	0.8764529812	4611.440658
628	0.8764757782	4611.015185
629	0.8765261129	4610.075622
630	0.8765457361	4609.709277
631	0.8765877157	4608.925464
632	0.8766180828	4608.358388
633	0.876656634	4607.63838
634	0.8767099575	4606.642291
635	0.8767460944	4605.967127
636	0.8767913179	4605.122054
637	0.8768534872	4603.96007
638	0.876890602	4603.266229
639	0.8769109292	4602.886179
640	0.8769500421	4602.154813
641	0.8769867839	4601.467676
642	0.8770353249	4600.559718
643	0.877063946	4600.024276
644	0.8770909798	4599.518473
645	0.877107735	4599.204955
646	0.8771332032	4598.728361
647	0.8771843146	4597.771747
648	0.8772149696	4597.197906
649	0.8772659561	4596.243313
650	0.8772836007	4595.912917
651	0.8772977264	4595.648395
652	0.8773745535	4594.209442
653	0.8774484147	4592.825614
654	0.8775019491	4591.822358
655	0.8775273431	4591.346389
656	0.8775404033	4591.101578
657	0.8775787138	4590.383376
658	0.8776144646	4589.713061
659	0.8776352845	4589.322649
660	0.8776535732	4588.979676
661	0.8776931533	4588.237328
662	0.8777530957	4587.112847
663	0.877822903	4585.802958
664	0.8778611877	4585.084411
665	0.8778857687	4584.623003
666	0.8779166041	4584.044128
667	0.8779640623	4583.153052
668	0.877988128	4582.701126
669	0.8780083809	4582.320765
670	0.8780290932	4581.931746
671	0.8780483568	4581.569904
672	0.878077127	4581.029444
673	0.8780975672	4580.645425
674	0.8781383128	4579.879827
675	0.8781576396	4579.516637
676	0.8781852226	4578.998245
677	0.8782338381	4578.08443
678	0.8782502256	4577.776357
679	0.8783005857	4576.829492
680	0.8783113816	4576.626482
681	0.878382976	4575.279976
682	0.8784162296	4574.654428
683	0.8784221095	4574.543808
684	0.8784427416	4574.155635
685	0.8784608478	4573.814957
686	0.8785090955	4572.907029
687	0.8785240343	4572.625872
688	0.8785393771	4572.337094
689	0.8786139233	4570.933748
690	0.8786620878	4570.026813
691	0.8787053305	4569.212402
692	0.8787374998	4568.606448
693	0.8787532543	4568.30966
694	0.8787812431	4567.782351
695	0.8787912139	4567.594486
696	0.8788408223	4566.659676
697	0.8788715894	4566.079813
698	0.8789050482	4565.449134
699	0.8789326244	4564.929275
700	0.8789660107	4564.299804
701	0.8789845493	4563.950237
702	0.8790085925	4563.496835
703	0.8790445431	4562.818801
704	0.8790615084	4562.498796
705	0.8791112956	4561.559569
706	0.8791380401	4561.054959
707	0.8791760206	4560.338254
708	0.8792204556	4559.499607
709	0.8792598667	4558.755651
710	0.8792920869	4558.147346
711	0.8793099989	4557.809137
712	0.8793250041	4557.525796
713	0.8793592763	4556.878572
714	0.8794148915	4555.828094
715	0.8794520672	4555.125772
716	0.8794962068	4554.291749
717	0.8795183788	4553.872747
718	0.8795613807	4553.059997
719	0.879585773	4552.598911
720	0.8795986251	4552.35595
721	0.8796441898	4551.494471
722	0.8796553129	4551.284145
723	0.879687488	4550.675694
724	0.879703949	4550.364375
725	0.8797200593	4550.059667
726	0.8797735984	4549.046892
727	0.8798066368	4548.421806
728	0.8798493541	4547.613469
729	0.8798782469	4547.06665
730	0.8799009351	4546.637213
731	0.8799134768	4546.399808
732	0.8799488612	4545.729943
733	0.8799846507	4545.052309
734	0.8800221094	4544.342963
735	0.8800501886	4543.81116
736	0.8800572754	4543.676932
737	0.880083173	4543.186377
738	0.8801271113	4542.353974
739	0.8801370072	4542.166477
740	0.8801717732	4541.507707
741	0.8802265061	4540.470396
742	0.8802550885	4539.928602
743	0.8802770564	4539.512143
744	0.8803376911	4538.362461
745	0.8803652739	4537.839373
746	0.8804107609	4536.976613
747	0.8804932144	4535.412282
748	0.8805262346	4534.785663
749	0.8805561789	4534.217339
750	0.8805857421	4533.656178
751	0.8806350857	4532.719398
752	0.8806581618	4532.281235
753	0.8806730371	4531.998765
754	0.8806931445	4531.616912
755	0.8807116736	4531.265003
756	0.8807394297	4530.737803
757	0.8807673351	4530.207706
758	0.8807727513	4530.104812
759	0.880806689	4529.460025
760	0.8808336438	4528.947841
761	0.8808591004	4528.464074
762	0.8809146341	4527.408552
763	0.8809500728	4526.734845
764	0.8809677768	4526.398246
765	0.8809873082	4526.026873
766	0.8810043579	4525.702664
767	0.88103958	4525.032821
768	0.8810777739	4524.306351
769	0.8811152872	4523.592712
770	0.8811603613	4522.735089
771	0.8812134706	4521.724375
772	0.8812400416	4521.21862
773	0.8812786562	4520.483527
774	0.8812897306	4520.272686
775	0.8813236868	4519.626144
776	0.8813515742	4519.095086
777	0.881375939	4518.631058
778	0.8814006793	4518.159829
779	0.8814167564	4517.853582
780	0.8814399412	4517.411907
781	0.8814745508	4516.752505
782	0.8814892152	4516.473082
783	0.8815207203	4515.87271
784	0.8815339307	4515.620942
785	0.8815596522	4515.130698
786	0.8816003224	4514.355426
787	0.8816145447	4514.084282
788	0.8816612723	4513.193323
789	0.8816899981	4512.645519
790	0.8817146495	4512.175361
791	0.8817333694	4511.818298
792	0.8817471489	4511.555449
793	0.8817660689	4511.194518
794	0.881785968	4510.81488
795	0.8817980396	4510.58456
796	0.8818194557	4510.175921
797	0.8818425505	4509.735211
798	0.8818709868	4509.192512
799	0.8819336822	4507.995757
800	0.8819534098	4507.619123
801	0.8819723542	4507.257412
802	0.881992186	4506.878726
803	0.8820072463	4506.59113
804	0.8820213465	4506.321852
805	0.8820391972	4505.980925
806	0.8820658952	4505.470978
807	0.8820805349	4505.191327
808	0.882106786	4504.68983
809	0.8821380644	4504.092216
810	0.8821719455	4503.444788
811	0.8822056181	4502.80125
812	0.8822186141	4502.552851
813	0.8822510643	4501.932554
814	0.8823009323	4500.979144
815	0.8823327697	4500.370349
816	0.8823523365	4499.996152
817	0.8823663904	4499.727364
818	0.882420519	4498.69198
819	0.8824375685	4498.365805
820	0.8824554791	4498.023128
821	0.8824866882	4497.425956
822	0.8825135642	4496.911633
823	0.8825564281	4496.091228
824	0.8826128655	4495.010803
825	0.882642295	4494.447308
826	0.8826661744	4493.990029
827	0.8826777795	4493.767781
828	0.8827027846	4493.288873
829	0.8827194568	4492.969532
830	0.8827409448	4492.557915
831	0.8827626755	4492.141611
832	0.8827726462	4491.950585
833	0.8827940703	4491.540099
834	0.8828465557	4490.534318
835	0.8828590776	4490.294329
836	0.8828895929	4489.709427
837	0.8829286566	4488.960564
838	0.8829455916	4488.635877
839	0.8829640315	4488.28231
840	0.8829991206	4487.609432
841	0.8830232206	4487.147227
842	0.8830385608	4486.852996
843	0.8830646185	4486.353158
844	0.883086691	4485.929721
845	0.8830961831	4485.747613
846	0.8831094481	4485.493108
847	0.8831320114	4485.060171
848	0.8831870439	4484.004053
849	0.8831897725	4483.951682
850	0.8832344002	4483.095046
851	0.8832734328	4482.345675
852	0.8833097086	4481.649119
853	0.8833482792	4480.908379
854	0.8833690142	4480.510117
855	0.8833836367	4480.22924
856	0.8834228582	4479.47576
857	0.883458968	4478.781946
858	0.8834934009	4478.120252
859	0.8834969383	4478.05227
860	0.8835115888	4477.770699
861	0.883525994	4477.493824
862	0.8835587795	4476.863611
863	0.8835883041	4476.296003
864	0.8836412538	4475.277869
865	0.8836674533	4474.774009
866	0.8836713918	4474.698261
867	0.883682982	4474.475341
868	0.8837025399	4474.099149
869	0.883725791	4473.651879
870	0.8837563592	4473.063784
871	0.883780614	4472.597095
872	0.8837871925	4472.470511
873	0.883829858	4471.64944
874	0.8838528989	4471.205971
875	0.883885544	4470.577573
876	0.8839131299	4470.046493
877	0.8839382765	4469.562318
878	0.8839471948	4469.390591
879	0.8839711358	4468.929564
880	0.8839932819	4468.503057
881	0.8840639078	4467.142619
882	0.8840778538	4466.873932
883	0.8840864546	4466.708221
884	0.8841018629	4466.411333
885	0.8841476169	4465.529626
886	0.8841692472	4465.112737
887	0.8841946735	4464.622637
888	0.8842134707	4464.260279
889	0.8842234335	4464.068211
890	0.8842259038	4464.020587
891	0.8842369966	4463.806724
892	0.8842425054	4463.700513
893	0.8842566061	4463.428639
894	0.8842714935	4463.141576
895	0.8842943111	4462.701567
896	0.8843275318	4462.060869
897	0.8843406082	4461.808653
898	0.8843554192	4461.52296
899	0.8843603741	4461.42738
900	0.8843899079	4460.85763
901	0.8844474355	4459.747631
902	0.884462802	4459.451085
903	0.8844746244	4459.222922
904	0.8844878769	4458.967145
905	0.884538294	4457.993945
906	0.884547342	4457.819268
907	0.8845806983	4457.175251
908	0.8845857423	4457.077857
909	0.8846226963	4456.364253
910	0.8846343	4456.140156
911	0.8846774731	4455.306272
912	0.8846861547	4455.138568
913	0.8847011892	4454.84813
914	0.8847141341	4454.598045
915	0.8847340935	4454.212417
916	0.8847505175	4453.895069
917	0.884760999	4453.692533
918	0.8847869777	4453.190498
919	0.8848017798	4452.904426
920	0.8848114079	4452.718338
921	0.8848426547	4452.114362
922	0.8848597748	4451.783407
923	0.8848713182	4451.560244
924	0.8848902379	4451.194456
925	0.8849111879	4450.789379
926	0.8849408308	4450.216157
927	0.8849619356	4449.807996
928	0.8849728385	4449.597123
929	0.8849843651	4449.374174
930	0.8849997154	4449.077252
931	0.8850142665	4448.795769
932	0.8850386863	4448.323343
933	0.8850490337	4448.123149
934	0.8850665143	4447.784922
935	0.8850762239	4447.597044
936	0.8850938316	4447.256317
937	0.8851143801	4446.858652
938	0.885126939	4446.615588
939	0.8851402813	4446.357348
940	0.8851586596	4446.00161
941	0.885180232	4445.584009
942	0.8851886232	4445.421561
943	0.8852087507	4445.031884
944	0.885217741	4444.857815
945	0.8852324239	4444.573513
946	0.8852549762	4444.136803
947	0.88527469	4443.755025
948	0.8852763055	4443.723737
949	0.8853197161	4442.88292
950	0.8853211655	4442.854844
951	0.8853314157	4442.656286
952	0.885381037	4441.694931
953	0.885400768	4441.312608
954	0.885423122	4440.879421
955	0.8854300534	4440.745091
956	0.8854766079	4439.842772
957	0.8854859527	4439.661628
958	0.8855311699	4438.785015
959	0.8855522383	4438.376509
960	0.8855723142	4437.987213
961	0.8855755639	4437.924194
962	0.8855828483	4437.78293
963	0.8856054511	4437.344573
964	0.8856315504	4436.83835
965	0.885661729	4436.252933
966	0.8856716959	4436.059573
967	0.8857187508	4435.146591
968	0.8857290023	4434.94766
969	0.8857911722	4433.741064
970	0.8858038138	4433.495675
971	0.8858228241	4433.126637
972	0.8858328079	4432.932813
973	0.8858422737	4432.749039
974	0.8858726076	4432.160067
975	0.8859189486	4431.260144
976	0.8859469116	4430.717025
977	0.8859680437	4430.306538
978	0.8859799336	4430.075562
979	0.8859979227	4429.72608
980	0.8860181344	4429.333383
981	0.8860566825	4428.584331
982	0.8861018446	4427.706596
983	0.8861279605	4427.19895
984	0.8861348848	4427.064344
985	0.8861827192	4426.134347
986	0.8862107744	4425.588808
987	0.8862297667	4425.219459
988	0.8862377282	4425.06462
989	0.8862590766	4424.649402
990	0.8862778845	4424.283563
991	0.8863132985	4423.594631
992	0.8863331301	4423.208785
993	0.8863645443	4422.59752
994	0.8863824015	4422.250012
995	0.8863995881	4421.915531
996	0.8864166329	4421.583782
997	0.8864473399	4420.98606
998	0.8864679791	4420.584264
999	0.88649082	4420.139565
1000	0.8864964607	4420.029737
1001	0.8865094839	4419.776157
1002	0.8865100346	4419.765433
1003	0.8865142949	4419.682476
1004	0.8865404793	4419.172572
1005	0.8865444914	4419.094438
1006	0.8865714948	4418.568514
1007	0.8865855132	4418.295465
1008	0.8866020821	4417.972716
1009	0.8866112746	4417.793643
1010	0.8866486663	4417.065164
1011	0.8866710396	4416.629222
1012	0.8866893956	4416.271525
1013	0.8867118669	4415.833596
1014	0.886731436	4415.452188
1015	0.8867595446	4414.904287
1016	0.8867887669	4414.334606
1017	0.8868325258	4413.481401
1018	0.8868456886	4413.224721
1019	0.8868620329	4412.905981
1020	0.8868817848	4412.520756
1021	0.8868926865	4412.308123
1022	0.8869031503	4412.104023
1023	0.886936763	4411.448329
1024	0.886956274	4411.067677
1025	0.8869742461	4410.717019
1026	0.8870204956	4409.814507
1027	0.8870420981	4409.392892
1028	0.8870492317	4409.253657
1029	0.8870758741	4408.733608
1030	0.8871140978	4407.987388
1031	0.8871377812	4407.524967
1032	0.8871552541	4407.183776
1033	0.8871797879	4406.704662
1034	0.8871882927	4406.538563
1035	0.8872132599	4406.050913
1036	0.8872577895	4405.181046
1037	0.8872971945	4404.411142
1038	0.8873503446	4403.372471
1039	0.8873716934	4402.955199
1040	0.8873880518	4402.635438
1041	0.8874057394	4402.289671
1042	0.8874207482	4401.996249
1043	0.8874361158	4401.695791
1044	0.8874799412	4400.838836
1045	0.8874854616	4400.730877
1046	0.8874971249	4400.502782
1047	0.887502387	4400.399868
1048	0.8875215686	4400.024702
1049	0.8875662888	4399.149914
1050	0.8876156277	4398.184577
1051	0.8876222494	4398.055005
1052	0.8876417629	4397.673145
1053	0.8876624932	4397.267437
1054	0.8876677861	4397.163844
1055	0.8876774187	4396.97531
1056	0.8877010935	4396.511899
1057	0.8877254396	4396.035298
1058	0.8877392022	4395.765856
1059	0.8877664282	4395.232782
1060	0.8877792105	4394.982489
1061	0.8877920729	4394.730613
1062	0.8878043073	4394.491019
1063	0.8878348908	4393.892031
1064	0.88784578	4393.678741
1065	0.8878552909	4393.49244
1066	0.8878758368	4393.08996
1067	0.8878887819	4392.836353
1068	0.8879254262	4392.11838
1069	0.8879411895	4391.809494
1070	0.8879483774	4391.668638
1071	0.8879818844	4391.011965
1072	0.8879964648	4390.726186
1073	0.887998287	4390.69047
1074	0.8880080674	4390.498759
1075	0.888027488	4390.118063
1076	0.8880640092	4389.402059
1077	0.8880720532	4389.24434
1078	0.8880743178	4389.199936
1079	0.8880882033	4388.927667
1080	0.8880968523	4388.758066
1081	0.8881278626	4388.149924
1082	0.888156285	4387.592457
1083	0.8881955599	4386.822018
1084	0.888218777	4386.366515
1085	0.8882502085	4385.749777
1086	0.8882507144	4385.739849
1087	0.8882693542	4385.374063
1088	0.888277565	4385.212924
1089	0.8882976352	4384.819019
1090	0.8883145026	4384.487946
1091	0.8883206989	4384.36632
1092	0.8883464904	4383.860023
1093	0.8883547607	4383.697659
1094	0.8883590176	4383.614087
1095	0.8883669802	4383.457757
1096	0.8883866765	4383.071037
1097	0.8884183314	4382.449447
1098	0.888426816	4382.282824
1099	0.8884388739	4382.046017
1100	0.888473905	4381.357963
1101	0.8884882342	4381.07649
1102	0.8885017136	4380.811692
1103	0.8885158846	4380.533292
1104	0.8885299487	4380.256974
1105	0.8885437795	4379.985222
1106	0.8885600929	4379.66467
1107	0.8885642508	4379.582964
1108	0.888592738	4379.023134
1109	0.8886130495	4378.62393
1110	0.8886300812	4378.289159
1111	0.8886392086	4378.109742
1112	0.8886640795	4377.620821
1113	0.8886784118	4377.339045
1114	0.8886870821	4377.168576
1115	0.8887044681	4376.826728
1116	0.8887479448	4375.971759
1117	0.888769623	4375.545394
1118	0.8887907403	4375.130022
1119	0.8888068923	4374.812289
1120	0.8888277674	4374.401611
1121	0.8888357563	4374.244434
1122	0.8888557751	4373.850554
1123	0.8888757193	4373.458106
1124	0.888892587	4373.126165
1125	0.8889092049	4372.799118
1126	0.888947169	4372.051874
1127	0.8889643066	4371.714516
1128	0.8889696329	4371.609661
1129	0.888984246	4371.321969
1130	0.8890090591	4370.833427
1131	0.8890255163	4370.509371
1132	0.889038067	4370.262221
1133	0.889056234	4369.904452
1134	0.8890799692	4369.43698
1135	0.8890927981	4369.184291
1136	0.889107619	4368.892346
1137	0.8891218988	4368.611042
1138	0.8891304289	4368.442996
1139	0.8891395405	4368.263485
1140	0.8891631033	4367.799236
1141	0.8891760634	4367.543865
1142	0.8891940874	4367.18869
1143	0.889217253	4366.732154
1144	0.8892329369	4366.423036
1145	0.8892474992	4366.136006
1146	0.8892763188	4365.567898
1147	0.8892953711	4365.192289
1148	0.8893418788	4364.275271
1149	0.889348814	4364.138509
1150	0.8893786278	4363.550534
1151	0.8893861269	4363.402628
1152	0.8893947495	4363.232555
1153	0.8894090695	4362.950093
1154	0.8894135008	4362.862683
1155	0.8894374983	4362.389283
1156	0.8894514209	4362.114607
1157	0.8894985364	4361.184946
1158	0.8895096553	4360.965525
1159	0.8895106471	4360.945951
1160	0.8895559758	4360.051311
1161	0.8895701879	4359.770775
1162	0.889594392	4359.292959
1163	0.8896225676	4358.736676
1164	0.8896595729	4358.005956
1165	0.8896708919	4357.782424
1166	0.8897094165	4357.021533
1167	0.8897142686	4356.925692
1168	0.8897414317	4356.389108
1169	0.8897567168	4356.087137
1170	0.8897739396	4355.746857
1171	0.8897783136	4355.660434
1172	0.8897956221	4355.318429
1173	0.8898020104	4355.192192
1174	0.8898054494	4355.124234
1175	0.8898183076	4354.870135
1176	0.8898459849	4354.323135
1177	0.8898698953	4353.850527
1178	0.8898831494	4353.588529
1179	0.8899153347	4352.952243
1180	0.8899327954	4352.607015
1181	0.8899391457	4352.48145
1182	0.8899650252	4351.969703
1183	0.8900034859	4351.209062
1184	0.8900494595	4350.299661
1185	0.8900709662	4349.874174
1186	0.8900835699	4349.624804
1187	0.8900938239	4349.421913
1188	0.8901511379	4348.287694
1189	0.8901530699	4348.249456
1190	0.890173414	4347.846781
1191	0.8901749218	4347.816935
1192	0.8901892913	4347.532492
1193	0.890205917	4347.203364
1194	0.8902256164	4346.813354
1195	0.890249607	4346.338343
1196	0.8902613051	4346.106704
1197	0.8902856868	4345.623867
1198	0.8903021869	4345.297083
1199	0.8903158245	4345.026971
1200	0.8903271898	4344.801854
1201	0.8903635969	4344.080642
1202	0.8903754943	4343.844932
1203	0.89039611	4343.436467
1204	0.8904122968	4343.115726
1205	0.8904394213	4342.578202
1206	0.8904608914	4342.152683
1207	0.8904735004	4341.902764
1208	0.8905080359	4341.218173
1209	0.8905265761	4340.850609
1210	0.8905434539	4340.515977
1211	0.8905621705	4340.144856
1212	0.8905798641	4339.793989
1213	0.8906260037	4338.878905
1214	0.8906748192	4337.910538
1215	0.8907103725	4337.205123
1216	0.8907312032	4336.791765
1217	0.8907492158	4336.434298
1218	0.8907659242	4336.102686
1219	0.8907728193	4335.965832
1220	0.8907838645	4335.746597
1221	0.8907867117	4335.690082
1222	0.8908000037	4335.426231
1223	0.8908103103	4335.221632
1224	0.8908347306	4334.736817
1225	0.8908415712	4334.601002
1226	0.8908842029	4333.754482
1227	0.8909001223	4333.438336
1228	0.8909188775	4333.065843
1229	0.8909345512	4332.754526
1230	0.8909591992	4332.264912
1231	0.8909712859	4332.024799
1232	0.8909806509	4331.838746
1233	0.8909962618	4331.528589
1234	0.8910022921	4331.408773
1235	0.891024939	4330.958772
1236	0.8910625043	4330.212235
1237	0.8910771851	4329.920449
1238	0.8910859909	4329.745421
1239	0.8911154478	4329.159868
1240	0.8911289251	4328.891937
1241	0.8911440038	4328.59215
1242	0.8911615646	4328.242989
1243	0.8911703733	4328.067834
1244	0.8911857004	4327.76305
1245	0.891206987	4327.339724
1246	0.8912238579	4327.004183
1247	0.8912310737	4326.860662
1248	0.8912617023	4326.251412
1249	0.8912740082	4326.006605
1250	0.8912865933	4325.756228
1251	0.8912988232	4325.512905
1252	0.8913158476	4325.174169
1253	0.8913291193	4324.910081
1254	0.8913418453	4324.656837
1255	0.8913899237	4323.699957
1256	0.8913971107	4323.556901
1257	0.8914094075	4323.312121
1258	0.8914263785	4322.974275
1259	0.8914449645	4322.604249
1260	0.891448649	4322.53089
1261	0.8914754823	4321.996605
1262	0.8914832983	4321.840965
1263	0.8915203017	4321.104045
1264	0.8915310119	4320.890729
1265	0.8915445553	4320.620968
1266	0.8915752353	4320.009812
1267	0.891602701	4319.462616
1268	0.8916618577	4318.283803
1269	0.8916791313	4317.939534
1270	0.891684873	4317.825093
1271	0.891709589	4317.33243
1272	0.8917474524	4316.577594
1273	0.8917685412	4316.157114
1274	0.8917835267	4315.8583
1275	0.8917888251	4315.752645
1276	0.8918336102	4314.859478
1277	0.8918544655	4314.443488
1278	0.8918693064	4314.147441
1279	0.8918821428	4313.891364
1280	0.8919072423	4313.390601
1281	0.8919164712	4313.206459
1282	0.8919375092	4312.786666
1283	0.8919549359	4312.438899
1284	0.8919958011	4311.62329
1285	0.8920223785	4311.092759
1286	0.8920351654	4310.837489
1287	0.8920687705	4310.166542
1288	0.8920938176	4309.666393
1289	0.8921184568	4309.174332
1290	0.8921282749	4308.978243
1291	0.8921441586	4308.660991
1292	0.8921743728	4308.057445
1293	0.89221459	4307.253952
1294	0.8922317571	4306.910928
1295	0.8922391901	4306.762398
1296	0.8922544149	4306.45815
1297	0.892286042	4305.826055
1298	0.892296726	4305.612506
1299	0.8923357183	4304.833045
1300	0.8923472875	4304.601748
1301	0.8923704869	4304.137898
1302	0.8923864437	4303.818827
1303	0.8924036086	4303.475573
1304	0.8924139461	4303.268837
1305	0.8924473579	4302.600575
1306	0.8924857385	4301.832806
1307	0.8925150103	4301.247159
1308	0.8925329091	4300.889015
1309	0.892545213	4300.642803
1310	0.8925588519	4300.36986
1311	0.8925735554	4300.075594
1312	0.8925832744	4299.881074
1313	0.8926036394	4299.47345
1314	0.8926259545	4299.026748
1315	0.8926390915	4298.763752
1316	0.8926560387	4298.424453
1317	0.8926867253	4297.810009
1318	0.8927264301	4297.014863
1319	0.8927390762	4296.761576
1320	0.8927626444	4296.289491
1321	0.8927868735	4295.804115
1322	0.892803035	4295.480324
1323	0.8928181901	4295.176673
1324	0.8928220676	4295.09898
1325	0.8928402739	4294.734161
1326	0.8928509583	4294.52005
1327	0.8928625756	4294.287235
1328	0.8928808754	4293.920472
1329	0.8929042457	4293.452042
1330	0.8929350281	4292.834967
1331	0.8929502925	4292.528938
1332	0.8929729643	4292.074363
1333	0.892999741	4291.537419
1334	0.8930273326	4290.984065
1335	0.8930426822	4290.676195
1336	0.8930673893	4290.180595
1337	0.8930918126	4289.69063
1338	0.8931059403	4289.407183
1339	0.8931539369	4288.444081
1340	0.8931700279	4288.121148
1341	0.893183824	4287.844255
1342	0.8932044577	4287.430092
1343	0.8932455502	4286.60516
1344	0.8932579085	4286.357036
1345	0.8932728732	4286.056562
1346	0.8932786962	4285.939638
1347	0.8933116883	4285.277103
1348	0.8933336096	4284.836833
1349	0.893342366	4284.660954
1350	0.8933519291	4284.468865
1351	0.8933724043	4284.05756
1352	0.8933792922	4283.919189
1353	0.893408888	4283.324583
1354	0.893418831	4283.1248
1355	0.8934282379	4282.935779
1356	0.8934710437	4282.075547
1357	0.8934888676	4281.717306
1358	0.893518693	4281.117776
1359	0.8935416053	4280.657154
1360	0.893550452	4280.479288
1361	0.8935652142	4280.182475
1362	0.8935742734	4280.000316
1363	0.8935869959	4279.744487
1364	0.8935951572	4279.580366
1365	0.8936203978	4279.072751
1366	0.8936405129	4278.668171
1367	0.8936607285	4278.261531
1368	0.8936917123	4277.638213
1369	0.8936962813	4277.546288
1370	0.893707431	4277.321956
1371	0.8937171682	4277.126035
1372	0.8937270617	4276.926957
1373	0.893740955	4276.647383
1374	0.8937578432	4276.307515
1375	0.8937726481	4276.009553
1376	0.8937888743	4275.68296
1377	0.8938260236	4274.935145
1378	0.8938386326	4274.681297
1379	0.8938456201	4274.540616
1380	0.893859482	4274.261516
1381	0.8938801873	4273.844596
1382	0.8939016617	4273.412149
1383	0.8939229394	4272.983616
1384	0.8939372659	4272.695058
1385	0.8939427749	4272.584092
1386	0.8939489194	4272.460323
1387	0.8939667836	4272.100462
1388	0.8939782867	4271.868724
1389	0.8940070382	4271.289451
1390	0.8940266012	4270.895259
1391	0.8940409746	4270.605615
1392	0.8940528387	4270.366521
1393	0.8940805367	4269.808278
1394	0.8940950958	4269.514817
1395	0.8941137603	4269.138574
1396	0.8941315351	4268.780235
1397	0.8941332401	4268.74586
1398	0.8941485961	4268.436258
1399	0.8941605297	4268.195641
1400	0.8941776477	4267.850468
1401	0.8942021504	4267.356338
1402	0.8942200279	4266.995779
1403	0.8942365581	4266.662366
1404	0.8942469388	4266.452973
1405	0.8942609595	4266.170142
1406	0.894276538	4265.855863
1407	0.8942972322	4265.438344
1408	0.8943206544	4264.96574
1409	0.8943425942	4264.522998
1410	0.8943558578	4264.255317
1411	0.8943671979	4264.026443
1412	0.894375938	4263.850037
1413	0.8943955994	4263.453171
1414	0.8944045963	4263.271555
1415	0.894414716	4263.067267
1416	0.8944297065	4262.764631
1417	0.8944654054	4262.043837
1418	0.8944718481	4261.913739
1419	0.8944752404	4261.845237
1420	0.8944994266	4261.356802
1421	0.894522712	4260.886509
1422	0.8945352148	4260.633968
1423	0.8945435168	4260.466268
1424	0.8945519707	4260.295496
1425	0.894566044	4260.011193
1426	0.8945812274	4259.704442
1427	0.894585096	4259.626283
1428	0.894594043	4259.445512
1429	0.8946055653	4259.212697
1430	0.8946137442	4259.047432
1431	0.894629152	4258.736077
1432	0.894644427	4258.427383
1433	0.8946582781	4258.147447
1434	0.8946812016	4257.684112
1435	0.8946980647	4257.343239
1436	0.8947058323	4257.186215
1437	0.8947335354	4256.62614
1438	0.8947563336	4256.165175
1439	0.8947780749	4255.725532
1440	0.8947976253	4255.330151
1441	0.8948123373	4255.0326
1442	0.8948319262	4254.636378
1443	0.8948424263	4254.423977
1444	0.894866491	4253.937149
1445	0.8948951901	4253.356496
1446	0.8949047187	4253.16369
1447	0.8949245739	4252.761905
1448	0.8949338311	4252.574566
1449	0.8949473725	4252.300512
1450	0.8949529571	4252.187484
1451	0.8949646545	4251.950729
1452	0.8949717344	4251.807426
1453	0.8949741271	4251.758993
1454	0.8950101906	4251.028953
1455	0.8950263546	4250.7017
1456	0.8950580885	4250.059152
1457	0.8950693503	4249.831097
1458	0.895088041	4249.452582
1459	0.8951075238	4249.057989
1460	0.8951233678	4248.737067
1461	0.8951354565	4248.492192
1462	0.895165882	4247.875816
1463	0.8951768307	4247.65399
1464	0.8951948997	4247.287877
1465	0.895208483	4247.012634
1466	0.8952263859	4246.649831
1467	0.8952347631	4246.480058
1468	0.895245194	4246.268653
1469	0.8952701531	4245.762759
1470	0.8952784957	4245.593652
1471	0.8953066765	4245.022364
1472	0.8953285418	4244.579052
1473	0.8953438779	4244.26809
1474	0.8953684175	4243.770467
1475	0.8954010471	4243.108701
1476	0.8954078094	4242.97154
1477	0.8954208283	4242.707464
1478	0.8954412272	4242.293659
1479	0.8954594451	4241.924063
1480	0.8954688475	4241.733299
1481	0.8954786216	4241.534984
1482	0.8954924796	4241.253792
1483	0.8955091258	4240.916
1484	0.89553044	4240.483444
1485	0.8955451731	4240.18442
1486	0.8955578755	4239.926595
1487	0.895571084	4239.658481
1488	0.8955950514	4239.171933
1489	0.8956168492	4238.729381
1490	0.8956287257	4238.488237
1491	0.8956639737	4237.77247
1492	0.8956723805	4237.601739
1493	0.8956810687	4237.425285
1494	0.8956876553	4237.29151
1495	0.8957162582	4236.710528
1496	0.8957235471	4236.562463
1497	0.8957290325	4236.451032
1498	0.8957450357	4236.125919
1499	0.8957639336	4235.741969
1500	0.8957783677	4235.448686
1501	0.8958118803	4234.767675
1502	0.8958290657	4234.418406
1503	0.8958332986	4234.332374
1504	0.8958472291	4234.04923
1505	0.8958623156	4233.742569
1506	0.8958636947	4233.714535
1507	0.8958678527	4233.630011
1508	0.8958704847	4233.576507
1509	0.8958808112	4233.366581
1510	0.8958887891	4233.204392
1511	0.895899109	4232.994581
1512	0.8959107206	4232.758496
1513	0.8959419894	4232.122681
1514	0.8959565027	4231.827537
1515	0.8959641348	4231.672321
1516	0.8959678889	4231.595971
1517	0.8959753871	4231.44347
1518	0.8959971986	4230.99983
1519	0.8960077597	4230.785003
1520	0.8960177517	4230.581743
1521	0.8960411303	4230.106129
1522	0.8960642912	4229.634893
1523	0.8960769459	4229.377395
1524	0.8960936829	4229.036807
1525	0.8961037735	4228.831456
1526	0.8961293084	4228.311758
1527	0.8961436863	4228.019104
1528	0.8961610351	4227.665953
1529	0.8961741799	4227.398356
1530	0.8961942467	4226.989814
1531	0.8962203409	4226.458502
1532	0.8962329003	4226.202751
1533	0.8962466426	4225.922895
1534	0.8962652832	4225.543258
1535	0.896280452	4225.234302
1536	0.8963124954	4224.581573
1537	0.8963251377	4224.324021
1538	0.8963498433	4223.820665
1539	0.8963727715	4223.353469
1540	0.8963776041	4223.254992
1541	0.8963848413	4223.107508
1542	0.896400664	4222.785048
1543	0.8964185428	4222.420655
1544	0.8964316793	4222.152898
1545	0.8964449813	4221.881749
1546	0.8964540152	4221.697591
1547	0.8964654245	4221.465
1548	0.8964761151	4221.247046
1549	0.8964788762	4221.190753
1550	0.8965031122	4220.6966
1551	0.8965130246	4220.494477
1552	0.8965202438	4220.347264
1553	0.8965284846	4220.179213
1554	0.8965369601	4220.006368
1555	0.8965519531	4219.700594
1556	0.8965790361	4219.148193
1557	0.8965839774	4219.047399
1558	0.8965931389	4218.860514
1559	0.8966115956	4218.483993
1560	0.8966249203	4218.212145
1561	0.8966449996	4217.802459
1562	0.8966562004	4217.573906
1563	0.8966653664	4217.386865
1564	0.8966775226	4217.138793
1565	0.8966886027	4216.912668
1566	0.8967015916	4216.647573
1567	0.8967115763	4216.44378
1568	0.8967168018	4216.33712
1569	0.8967271837	4216.125204
1570	0.8967322308	4216.022178
1571	0.8967429356	4215.803656
1572	0.8967732833	4215.184089
1573	0.8967845686	4214.953669
1574	0.8967934278	4214.772776
1575	0.8967973023	4214.693662
1576	0.8968075608	4214.484184
1577	0.8968271065	4214.085031
1578	0.8968327153	4213.970484
1579	0.8968412203	4213.796783
1580	0.8968499549	4213.618385
1581	0.8968595873	4213.421641
1582	0.8968755954	4213.094652
1583	0.8968858328	4212.885526
1584	0.8968993141	4212.610116
1585	0.8969140694	4212.308661
1586	0.8969226436	4212.133478
1587	0.8969271049	4212.042323
1588	0.8969473741	4211.628156
1589	0.8969667238	4211.232739
1590	0.8969864239	4210.830122
1591	0.8969949506	4210.655848
1592	0.8970064082	4210.421661
1593	0.8970402225	4209.730431
1594	0.8970475113	4209.58142
1595	0.8970567101	4209.393353
1596	0.8970720816	4209.079068
1597	0.8970793156	4208.931154
1598	0.8970912019	4208.688102
1599	0.8970974382	4208.560576
1600	0.8971241886	4208.013516
1601	0.8971419181	4207.650897
1602	0.8971696028	4207.084605
1603	0.8971981019	4206.501575
1604	0.8972228571	4205.995072
1605	0.8972416698	4205.610113
1606	0.8972636163	4205.160985
1607	0.8972721624	4204.986079
1608	0.8972849848	4204.723638
1609	0.8973132867	4204.144319
1610	0.8973293615	4203.815243
1611	0.8973454516	4203.485828
1612	0.8973508632	4203.375029
1613	0.8973583306	4203.222136
1614	0.8973781686	4202.815929
1615	0.897384968	4202.676695
1616	0.8974001845	4202.36508
1617	0.8974122449	4202.118084
1618	0.8974191802	4201.976042
1619	0.897440175	4201.546019
1620	0.8974515004	4201.31403
1621	0.8974667551	4201.001533
1622	0.8974727178	4200.87938
1623	0.8974913264	4200.498134
1624	0.8974957398	4200.40771
1625	0.8975254082	4199.799792
1626	0.8975460793	4199.376181
1627	0.897549396	4199.308208
1628	0.8975670516	4198.946351
1629	0.8975775148	4198.731892
1630	0.8976018841	4198.232362
1631	0.897620246	4197.855933
1632	0.8976358267	4197.536497
1633	0.8976400865	4197.449157
1634	0.8976491459	4197.263404
1635	0.8976716566	4196.801813
1636	0.897673077	4196.772684
1637	0.8976824842	4196.57977
1638	0.8976942804	4196.337852
1639	0.8977041527	4196.135377
1640	0.8977144558	4195.924057
1641	0.8977263112	4195.680887
1642	0.8977365023	4195.47184
1643	0.8977403975	4195.391938
1644	0.8977604439	4194.980697
1645	0.8977656748	4194.873381
1646	0.8977761524	4194.658418
1647	0.8977867033	4194.441939
1648	0.8977971387	4194.227819
1649	0.8978058621	4194.04882
1650	0.8978111839	4193.939614
1651	0.897818346	4193.792642
1652	0.8978337645	4193.476223
1653	0.8978508817	4193.124915
1654	0.8978688755	4192.755583
1655	0.8978795447	4192.536578
1656	0.8978976021	4192.165891
1657	0.8979009933	4192.096272
1658	0.8979097965	4191.915542
1659	0.8979157241	4191.793843
1660	0.8979210819	4191.68384
1661	0.8979342092	4191.414308
1662	0.8979427857	4191.238204
1663	0.8979556799	4190.973429
1664	0.8979692387	4190.694988
1665	0.8979803219	4190.467373
1666	0.8979932991	4190.200846
1667	0.8980153035	4189.748876
1668	0.8980180987	4189.691459
1669	0.898047556	4189.086323
1670	0.8980664338	4188.698474
1671	0.898071406	4188.596311
1672	0.8980809128	4188.400974
1673	0.8980958581	4188.09387
1674	0.8981023503	4187.960459
1675	0.8981238858	4187.517886
1676	0.8981299172	4187.393926
1677	0.8981503839	4186.973261
1678	0.8981545858	4186.88689
1679	0.8981744783	4186.477978
1680	0.8981776349	4186.413088
1681	0.8981879999	4186.200005
1682	0.8982028838	4185.894002
1683	0.898204263	4185.865647
1684	0.898235049	4185.232634
1685	0.8982489024	4184.947754
1686	0.8982708214	4184.496974
1687	0.8982753651	4184.403524
1688	0.8982910787	4184.080325
1689	0.8982930404	4184.039973
1690	0.8983089076	4183.713587
1691	0.8983205155	4183.474798
1692	0.8983250207	4183.382116
1693	0.8983424198	4183.024161
1694	0.8983433561	4183.004898
1695	0.898366961	4182.519218
1696	0.8983748381	4182.357131
1697	0.8983932895	4181.977432
1698	0.8984083274	4181.667952
1699	0.8984224342	4181.377613
1700	0.8984456463	4180.899831
1701	0.8984579671	4180.646204
1702	0.8984710744	4180.376372
1703	0.8984724092	4180.348891
1704	0.898488379	4180.020105
1705	0.8985002351	4179.775994
1706	0.8985184393	4179.401151
1707	0.8985207924	4179.352697
1708	0.8985301826	4179.159328
1709	0.8985346688	4179.066941
1710	0.8985467145	4178.81887
1711	0.8985741411	4178.253986
1712	0.8985889522	4177.948902
1713	0.8985973748	4177.775401
1714	0.8986254056	4177.197929
1715	0.898632512	4177.051515
1716	0.8986414984	4176.866359
1717	0.8986597358	4176.49057
1718	0.8986610091	4176.464333
1719	0.8986748081	4176.179975
1720	0.8986981302	4175.699331
1721	0.8987152745	4175.345968
1722	0.8987342848	4174.95411
1723	0.8987469868	4174.692265
1724	0.8987597467	4174.42921
1725	0.8987726063	4174.164082
1726	0.8987816229	4173.978177
1727	0.8987894864	4173.816037
1728	0.8988197615	4173.191735
1729	0.8988329573	4172.919595
1730	0.8988379504	4172.816615
1731	0.8988435619	4172.700882
1732	0.898856314	4172.437861
1733	0.8988663111	4172.231652
1734	0.8988906783	4171.728991
1735	0.8989009854	4171.516354
1736	0.8989170443	4171.185031
1737	0.8989188787	4171.147183
1738	0.8989247893	4171.02523
1739	0.8989468651	4170.56971
1740	0.8989918046	4169.642256
1741	0.8990157918	4169.147128
1742	0.8990216527	4169.026142
1743	0.8990358154	4168.733769
1744	0.8990572273	4168.291704
1745	0.899070047	4168.027011
1746	0.8990924067	4167.565298
1747	0.8990977018	4167.455951
1748	0.8991149804	4167.099116
1749	0.8991280401	4166.82939
1750	0.8991354568	4166.676202
1751	0.8991557085	4166.257887
1752	0.8991737895	4165.884372
1753	0.899195078	4165.444555
1754	0.8991971188	4165.40239
1755	0.8992113155	4165.109061
1756	0.8992130948	4165.072294
1757	0.89922808	4164.762647
1758	0.8992395378	4164.525874
1759	0.8992655621	4163.988035
1760	0.8992732198	4163.829762
1761	0.8992758325	4163.775758
1762	0.8992890125	4163.50333
1763	0.8992923215	4163.43493
1764	0.8993106554	4163.055935
1765	0.8993189864	4162.883707
1766	0.8993295359	4162.665604
1767	0.8993386794	4162.476562
1768	0.8993464371	4162.316162
1769	0.8993550457	4162.138164
1770	0.8993631655	4161.970265
1771	0.8993789819	4161.643198
1772	0.8993878636	4161.459522
1773	0.8993986152	4161.237164
1774	0.8994049891	4161.105339
1775	0.8994119555	4160.961255
1776	0.8994280152	4160.629075
1777	0.8994362963	4160.45778
1778	0.8994474872	4160.22628
1779	0.8994550362	4160.070114
1780	0.899463457	4159.895904
1781	0.8994705448	4159.749264
1782	0.8994787079	4159.580374
1783	0.8994957945	4159.226835
1784	0.8995006537	4159.126289
1785	0.8995141302	4158.84742
1786	0.8995238486	4158.646305
1787	0.8995323278	4158.470828
1788	0.8995381486	4158.350362
1789	0.8995559259	4157.982422
1790	0.8995747262	4157.593276
1791	0.8995858032	4157.363976
1792	0.8995943603	4157.186831
1793	0.8996038277	4156.990833
1794	0.8996156095	4156.746908
1795	0.8996440801	4156.157405
1796	0.8996543015	4155.945746
1797	0.8996658922	4155.705718
1798	0.89967421	4155.533458
1799	0.8996806845	4155.399366
1800	0.8996955536	4155.091403
1801	0.8997041867	4154.912587
1802	0.8997148304	4154.692115
1803	0.8997376099	4154.220225
1804	0.8997517028	4153.928256
1805	0.8997658822	4153.634474
1806	0.8997752019	4153.441368
1807	0.8997794386	4153.353581
1808	0.8997930632	4153.071255
1809	0.8997994001	4152.939937
1810	0.8998104984	4152.709938
1811	0.8998236238	4152.437914
1812	0.8998262021	4152.384477
1813	0.8998357831	4152.185898
1814	0.8998478631	4151.935511
1815	0.8998493259	4151.905188
1816	0.8998758804	4151.354722
1817	0.899879702	4151.275496
1818	0.8999037776	4150.776345
1819	0.8999172275	4150.497466
1820	0.8999259303	4150.317006
1821	0.8999363742	4150.100433
1822	0.8999504816	4149.807873
1823	0.8999730305	4149.340211
1824	0.8999815475	4149.163555
1825	0.8999842618	4149.107255
1826	0.8999984564	4148.812815
1827	0.9000062127	4148.651917
1828	0.900007655	4148.621998
1829	0.9000142198	4148.485812
1830	0.9000231209	4148.301151
1831	0.9000355617	4148.043043
1832	0.9000415908	4147.91795
1833	0.9000446686	4147.854092
1834	0.9000558304	4147.622493
1835	0.9000788667	4147.144469
1836	0.9000885142	4146.944259
1837	0.9000900611	4146.912157
1838	0.900100545	4146.694575
1839	0.9001084832	4146.529821
1840	0.9001262914	4146.160191
1841	0.9001273789	4146.137619
1842	0.9001297014	4146.08941
1843	0.9001392721	4145.890742
1844	0.9001546114	4145.57231
1845	0.9001719431	4145.212491
1846	0.9001729684	4145.191203
1847	0.9001925971	4144.783656
1848	0.900204157	4144.543618
1849	0.9002144461	4144.329959
1850	0.9002240754	4144.129991
1851	0.9002380258	4143.840271
1852	0.9002503024	4143.585294
1853	0.900257704	4143.431561
1854	0.9002885635	4142.790538
1855	0.9002970297	4142.614658
1856	0.900334201	4141.842362
1857	0.900343178	4141.655826
1858	0.9003568141	4141.372463
1859	0.9003822845	4140.843131
1860	0.9003912643	4140.656493
1861	0.9003974031	4140.528898
1862	0.9004159675	4140.143014
1863	0.9004311781	4139.826816
1864	0.9004615005	4139.196403
1865	0.9004800455	4138.810798
1866	0.9004964155	4138.470388
1867	0.9005143965	4138.096446
1868	0.9005347128	4137.673898
1869	0.9005437214	4137.486519
1870	0.9005699098	4136.941751
1871	0.9005821031	4136.688082
1872	0.9005993355	4136.329554
1873	0.9006038736	4136.235132
1874	0.9006153766	4135.995785
1875	0.9006220695	4135.856515
1876	0.9006295096	4135.701693
1877	0.9006449559	4135.380251
1878	0.9006542779	4135.186246
1879	0.9006588547	4135.090991
1880	0.9006676833	4134.90724
1881	0.9006856056	4134.534198
1882	0.9006959031	4134.319847
1883	0.9007101419	4134.023434
1884	0.9007147036	4133.928468
1885	0.9007307308	4133.594793
1886	0.9007444102	4133.309977
1887	0.9007516924	4133.158347
1888	0.9007633132	4132.916368
1889	0.9007706493	4132.763603
1890	0.9007787256	4132.595415
1891	0.9007851911	4132.460769
1892	0.9007931904	4132.294173
1893	0.9008189966	4131.756681
1894	0.9008210828	4131.713226
1895	0.9008290183	4131.547929
1896	0.9008355755	4131.411338
1897	0.9008550504	4131.005635
1898	0.9008707279	4130.679011
1899	0.9008922206	4130.231188
1900	0.9008986297	4130.09764
1901	0.9009039624	4129.986518
1902	0.9009082464	4129.897244
1903	0.9009253141	4129.54156
1904	0.9009344931	4129.350261
1905	0.9009403167	4129.228886
1906	0.9009478212	4129.072472
1907	0.9009695541	4128.619471
1908	0.900976931	4128.465696
1909	0.9009849634	4128.298249
1910	0.9010219567	4127.526984
1911	0.9010381984	4127.188319
1912	0.901046055	4127.024487
1913	0.9010537155	4126.864737
1914	0.9010623897	4126.68384
1915	0.9010705401	4126.513862
1916	0.9010821188	4126.27237
1917	0.9010877728	4126.154443
1918	0.9010886184	4126.136805
1919	0.9011008148	4125.882408
1920	0.9011139288	4125.608853
1921	0.9011188371	4125.506462
1922	0.9011297312	4125.279196
1923	0.9011354117	4125.160687
1924	0.9011451082	4124.958388
1925	0.9011484743	4124.888156
1926	0.9011553224	4124.745276
1927	0.9011651082	4124.541092
1928	0.9011752785	4124.328875
1929	0.9011915914	4123.988461
1930	0.9011962663	4123.890902
1931	0.9012129192	4123.543357
1932	0.9012191168	4123.414004
1933	0.9012236404	4123.319589
1934	0.901228303	4123.222271
1935	0.9012405011	4122.967658
1936	0.9012835516	4122.068934
1937	0.9012890126	4121.954914
1938	0.9012942117	4121.846362
1939	0.9012986194	4121.754329
1940	0.9013102939	4121.510561
1941	0.9013389739	4120.911646
1942	0.9013469033	4120.746043
1943	0.9013571049	4120.532977
1944	0.9013640279	4120.388379
1945	0.9013864474	4119.920081
1946	0.9013876654	4119.894638
1947	0.9013999519	4119.637972
1948	0.9014120431	4119.385371
1949	0.901421799	4119.181547
1950	0.9014301308	4119.007467
1951	0.9014360009	4118.884816
1952	0.9014461153	4118.673476
1953	0.9014572401	4118.441012
1954	0.9014632076	4118.316307
1955	0.9014730359	4118.110918
1956	0.9014833217	4117.895955
1957	0.9014865442	4117.828606
1958	0.9015010352	4117.525734
1959	0.9015097479	4117.343624
1960	0.9015106944	4117.323841
1961	0.9015145872	4117.242471
1962	0.901523841	4117.049034
1963	0.9015327873	4116.86202
1964	0.9015394824	4116.722059
1965	0.9015432716	4116.642842
1966	0.9015528697	4116.442181
1967	0.9015623014	4116.244988
1968	0.9015662255	4116.162944
1969	0.9016033741	4115.386157
1970	0.9016144738	4115.154031
1971	0.9016264775	4114.902984
1972	0.9016491621	4114.428516
1973	0.901669602	4114.00095
1974	0.9016814954	4113.752141
1975	0.9016928181	4113.515258
1976	0.9016944634	4113.480834
1977	0.9017052456	4113.255244
1978	0.9017193152	4112.960855
1979	0.9017209924	4112.925759
1980	0.9017293121	4112.751669
1981	0.9017365167	4112.600905
1982	0.9017603372	4112.102398
1983	0.9017861147	4111.562868
1984	0.9017925934	4111.427253
1985	0.9017987852	4111.297643
1986	0.9018049198	4111.169226
1987	0.9018134834	4110.989955
1988	0.9018169016	4110.918394
1989	0.9018314109	4110.614632
1990	0.9018416063	4110.401169
1991	0.9018516953	4110.189925
1992	0.9018672235	4109.864774
1993	0.9018819978	4109.555382
1994	0.9018979246	4109.221831
1995	0.9019075023	4109.021234
1996	0.9019162523	4108.837965
1997	0.901925388	4108.646609
1998	0.9019282969	4108.585676
1999	0.9019464606	4108.205186
